<?xml version="1.0" encoding="utf-8"?>
<extension type="plugin" group="system" method="upgrade" element="baohoneypotar">
    <namespace path="src">Joomla\Plugin\System\Baohoneypotar</namespace>
    <name>PLG_SYSTEM_BAOHONEYPOTAR</name>
    <element>baohoneypotar</element>
    <type>plugin</type>
    <group>system</group>
    <version>3.0.0</version>
	<author>Andreas Rottmann</author>
<license>MIT</license>
<copyright>Copyright (C) 2024</copyright>
    <description>
          <![CDATA[Bot-Schutz für forms – bitte diesen Code in ein HTML-Feld einfügen:<pre>&lt;script&gt; 
document.addEventListener('DOMContentLoaded', function () {
    fetch('/index.php?option=com_ajax&plugin=baohoneypotar&format=json')
        .then(response => response.json())
        .then(data => {
            if (!data.field || !data.token) return;

            // Alle Formulare OHNE Klasse "no-honeypot"
            const forms = document.querySelectorAll('form:not(.no-honeypot)');

            forms.forEach(form => {
                // Honeypot-Feld (unsichtbar)
                const honeypot = document.createElement('input');
                honeypot.type = 'text';
                honeypot.name = data.field;
                honeypot.style.position = 'absolute';
                honeypot.style.left = '-10000px';
                form.appendChild(honeypot);

                // Token-Feld (hidden)
                const token = document.createElement('input');
                token.type = 'hidden';
                token.name = data.field + 'token';
                token.value = data.token;
                form.appendChild(token);

                // Zeit-Feld (hidden)
                const timeField = document.createElement('input');
                timeField.type = 'hidden';
                timeField.name = data.field + '_token_time';
                timeField.value = Math.floor(Date.now() / 1000); // UNIX-Timestamp
                form.appendChild(timeField);
            });
        });
});
&lt;/script&gt;</pre>]]>
    </description>
    <files>
        <filename plugin="baohoneypotar">baohoneypotar.php</filename>
        <folder>src</folder>
	<folder plugin="baohoneypotar">services</folder>
	<filename>index.html</filename>
   	<filename>src/index.html</filename>
    	<filename>services/index.html</filename>
    </files>
	
	   <!-- Mediendateien (werden in /media/plg_baohoneypotar/ kopiert) -->
    <media destination="plg_baohoneypotar" folder="media">
    	<filename>index.html</filename>
    <filename>honeypot-loader.js</filename>
    </media>
	
	 <!-- Backend-Konfiguration -->
   <config>
    <fields name="params">
        <fieldset name="basic">
            <field
                name="secret"
                type="text"
                label="Geheimer Schlüssel"
                default="changeme123"
                description="Wird zur Validierung des Tokens verwendet. Niemals öffentlich weitergeben." />
            
            <field
                name="secret_praefix"
                type="text"
                label="Geheimer Präfix"
                default="pref!" 
                description="Wird zur Erstellung des Feldes genutzt. 5–6 Zeichen" />

            <field
                name="debug"
                type="radio"
                label="Debug-Modus"
                default="0">
                <option value="0">Nein</option>
                <option value="1">Ja</option>
            </field>

            <field
                name="auto_insert"
                type="checkbox"
                label="Automatisch in alle Formulare einfügen"
                description="Fügt das Honeypot-Feld automatisch per JavaScript in jedes Formular ein, außer es hat die Klasse 'no-honeypot'."
                default="1" />
        </fieldset>
    </fields>
</config>
	
</extension>
